product_id,product_name,category,manufacturer,description,price
101,Product 101,Electronics,DEF Ltd,Description of Product 101,444.51
102,Product 102,Clothing,XYZ Inc,Description of Product 102,298.54
103,Product 103,Toys,LMN Enterprises,Description of Product 103,40.75
104,Product 104,Electronics,GHI Industries,Description of Product 104,234.85
105,Product 105,Home & Garden,LMN Enterprises,Description of Product 105,178.03
106,Product 106,Home & Garden,ABC Corp,Description of Product 106,59.22
107,Product 107,Electronics,ABC Corp,Description of Product 107,331.68
108,Product 108,Sports & Outdoors,XYZ Inc,Description of Product 108,357.52
109,Product 109,Home & Garden,LMN Enterprises,Description of Product 109,296.29
110,Product 110,Clothing,XYZ Inc,Description of Product 110,173.62
111,Product 111,Toys,XYZ Inc,Description of Product 111,90.58
112,Product 112,Electronics,XYZ Inc,Description of Product 112,213.51
113,Product 113,Sports & Outdoors,GHI Industries,Description of Product 113,241.58
114,Product 114,Electronics,GHI Industries,Description of Product 114,204.24
1133,Product 1133,Toys,XYZ Inc,Description of Product 1196,67.72
115,Product 115,Toys,GHI Industries,Description of Product 115,86.55
116,Product 116,Home & Garden,XYZ Inc,Description of Product 116,286.2
117,Product 117,Electronics,GHI Industries,Description of Product 117,266.76
118,Product 118,Sports & Outdoors,DEF Ltd,Description of Product 118,275.96
119,Product 119,Clothing,ABC Corp,Description of Product 119,467.88
120,Product 120,Home & Garden,GHI Industries,Description of Product 120,259.92
121,Product 121,Toys,LMN Enterprises,Description of Product 121,60.92
122,Product 122,Sports & Outdoors,ABC Corp,Description of Product 122,286.78
123,Product 123,Sports & Outdoors,LMN Enterprises,Description of Product 123,229.87
124,Product 124,Toys,LMN Enterprises,Description of Product 124,162.51
125,Product 125,Home & Garden,LMN Enterprises,Description of Product 125,169.67
126,Product 126,Home & Garden,LMN Enterprises,Description of Product 126,155.48
127,Product 127,Home & Garden,GHI Industries,Description of Product 127,11.97
128,Product 128,Electronics,XYZ Inc,Description of Product 128,429.32
129,Product 129,Toys,XYZ Inc,Description of Product 129,74.89
130,Product 130,Electronics,XYZ Inc,Description of Product 130,219.92
131,Product 131,Home & Garden,XYZ Inc,Description of Product 131,494.67
132,Product 132,Clothing,DEF Ltd,Description of Product 132,14.18
133,Product 133,Home & Garden,LMN Enterprises,Description of Product 133,58.34
134,Product 134,Sports & Outdoors,ABC Corp,Description of Product 134,419.14
135,Product 135,Toys,ABC Corp,Description of Product 135,40.33
136,Product 136,Clothing,ABC Corp,Description of Product 136,180.36
137,Product 137,Toys,ABC Corp,Description of Product 137,173.52
138,Product 138,Toys,XYZ Inc,Description of Product 138,424.28
139,Product 139,Home & Garden,LMN Enterprises,Description of Product 139,197.45
140,Product 140,Sports & Outdoors,ABC Corp,Description of Product 140,423.31
141,Product 141,Electronics,DEF Ltd,Description of Product 141,200.62
142,Product 142,Sports & Outdoors,LMN Enterprises,Description of Product 142,109.11
143,Product 143,Sports & Outdoors,LMN Enterprises,Description of Product 143,443.27
144,Product 144,Home & Garden,ABC Corp,Description of Product 144,166.4
145,Product 145,Electronics,DEF Ltd,Description of Product 145,28.01
146,Product 146,Home & Garden,LMN Enterprises,Description of Product 146,247.91
147,Product 147,Toys,ABC Corp,Description of Product 147,228.35
148,Product 148,Toys,DEF Ltd,Description of Product 148,492.73
149,Product 149,Sports & Outdoors,LMN Enterprises,Description of Product 149,19.48
150,Product 150,Home & Garden,XYZ Inc,Description of Product 150,114.32
151,Product 151,Clothing,GHI Industries,Description of Product 151,369.48
152,Product 152,Toys,ABC Corp,Description of Product 152,430.01
153,Product 153,Electronics,GHI Industries,Description of Product 153,390.61
154,Product 154,Toys,GHI Industries,Description of Product 154,119.87
155,Product 155,Clothing,LMN Enterprises,Description of Product 155,16.53
156,Product 156,Toys,XYZ Inc,Description of Product 156,419.1
157,Product 157,Electronics,LMN Enterprises,Description of Product 157,43.66
158,Product 158,Home & Garden,DEF Ltd,Description of Product 158,85.91
159,Product 159,Toys,ABC Corp,Description of Product 159,189.99
160,Product 160,Clothing,DEF Ltd,Description of Product 160,367.38
161,Product 161,Sports & Outdoors,LMN Enterprises,Description of Product 161,221.87
162,Product 162,Electronics,GHI Industries,Description of Product 162,149.58
163,Product 163,Electronics,GHI Industries,Description of Product 163,231.66
164,Product 164,Toys,ABC Corp,Description of Product 164,97.59
165,Product 165,Toys,XYZ Inc,Description of Product 165,36.21
166,Product 166,Sports & Outdoors,GHI Industries,Description of Product 166,477.13
167,Product 167,Home & Garden,ABC Corp,Description of Product 167,404.83
168,Product 168,Home & Garden,LMN Enterprises,Description of Product 168,443.99
169,Product 169,Toys,LMN Enterprises,Description of Product 169,406.59
170,Product 170,Home & Garden,ABC Corp,Description of Product 170,184.82
171,Product 171,Clothing,GHI Industries,Description of Product 171,45.24
172,Product 172,Toys,XYZ Inc,Description of Product 172,29.09
173,Product 173,Clothing,XYZ Inc,Description of Product 173,167.77
174,Product 174,Toys,XYZ Inc,Description of Product 174,457.97
175,Product 175,Home & Garden,GHI Industries,Description of Product 175,495.03
176,Product 176,Sports & Outdoors,LMN Enterprises,Description of Product 176,255.76
177,Product 177,Toys,DEF Ltd,Description of Product 177,344.41
178,Product 178,Toys,XYZ Inc,Description of Product 178,239.38
179,Product 179,Home & Garden,XYZ Inc,Description of Product 179,382.66
180,Product 180,Electronics,ABC Corp,Description of Product 180,55.49
181,Product 181,Home & Garden,LMN Enterprises,Description of Product 181,434.81
182,Product 182,Sports & Outdoors,ABC Corp,Description of Product 182,137.22
183,Product 183,Toys,XYZ Inc,Description of Product 183,117.53
184,Product 184,Sports & Outdoors,GHI Industries,Description of Product 184,60.96
185,Product 185,Home & Garden,DEF Ltd,Description of Product 185,266.71
186,Product 186,Home & Garden,LMN Enterprises,Description of Product 186,212.87
187,Product 187,Electronics,ABC Corp,Description of Product 187,104.18
188,Product 188,Clothing,DEF Ltd,Description of Product 188,254.29
189,Product 189,Toys,LMN Enterprises,Description of Product 189,216.75
190,Product 190,Sports & Outdoors,XYZ Inc,Description of Product 190,177.91
191,Product 191,Electronics,DEF Ltd,Description of Product 191,295.85
192,Product 192,Electronics,LMN Enterprises,Description of Product 192,362.3
193,Product 193,Toys,XYZ Inc,Description of Product 193,204.44
194,Product 194,Home & Garden,ABC Corp,Description of Product 194,461.25
195,Product 195,Sports & Outdoors,XYZ Inc,Description of Product 195,230.69
196,Product 196,Home & Garden,XYZ Inc,Description of Product 196,493.03
197,Product 197,Electronics,ABC Corp,Description of Product 197,416.46
198,Product 198,Toys,XYZ Inc,Description of Product 198,336.62
199,Product 199,Electronics,XYZ Inc,Description of Product 199,144.72
200,Product 200,Toys,DEF Ltd,Description of Product 200,69.92
201,Product 201,Electronics,XYZ Inc,Description of Product 201,89.84
202,Product 202,Clothing,GHI Industries,Description of Product 202,95.28
203,Product 203,Electronics,ABC Corp,Description of Product 203,30.86
204,Product 204,Home & Garden,ABC Corp,Description of Product 204,362.84
205,Product 205,Home & Garden,LMN Enterprises,Description of Product 205,379.19
206,Product 206,Electronics,LMN Enterprises,Description of Product 206,47.13
207,Product 207,Electronics,LMN Enterprises,Description of Product 207,82.88
208,Product 208,Electronics,XYZ Inc,Description of Product 208,493.97
209,Product 209,Toys,GHI Industries,Description of Product 209,441.03
210,Product 210,Electronics,GHI Industries,Description of Product 210,285.93
211,Product 211,Sports & Outdoors,LMN Enterprises,Description of Product 211,262.64
212,Product 212,Clothing,XYZ Inc,Description of Product 212,55.28
213,Product 213,Home & Garden,ABC Corp,Description of Product 213,394.99
214,Product 214,Electronics,DEF Ltd,Description of Product 214,92.67
215,Product 215,Electronics,ABC Corp,Description of Product 215,155.52
216,Product 216,Home & Garden,XYZ Inc,Description of Product 216,11.21
217,Product 217,Home & Garden,ABC Corp,Description of Product 217,499.31
218,Product 218,Clothing,GHI Industries,Description of Product 218,130.19
219,Product 219,Toys,DEF Ltd,Description of Product 219,109.68
220,Product 220,Sports & Outdoors,ABC Corp,Description of Product 220,497.72
221,Product 221,Home & Garden,GHI Industries,Description of Product 221,25.71
222,Product 222,Clothing,XYZ Inc,Description of Product 222,277.44
223,Product 223,Clothing,XYZ Inc,Description of Product 223,241.85
224,Product 224,Home & Garden,XYZ Inc,Description of Product 224,32.34
225,Product 225,Toys,XYZ Inc,Description of Product 225,392.04
226,Product 226,Clothing,ABC Corp,Description of Product 226,258.48
227,Product 227,Toys,XYZ Inc,Description of Product 227,66.62
228,Product 228,Electronics,LMN Enterprises,Description of Product 228,308.24
229,Product 229,Home & Garden,DEF Ltd,Description of Product 229,295.76
230,Product 230,Electronics,XYZ Inc,Description of Product 230,495.79
231,Product 231,Toys,LMN Enterprises,Description of Product 231,244.81
232,Product 232,Home & Garden,LMN Enterprises,Description of Product 232,275.7
233,Product 233,Toys,XYZ Inc,Description of Product 233,303.66
234,Product 234,Electronics,LMN Enterprises,Description of Product 234,215.06
235,Product 235,Toys,ABC Corp,Description of Product 235,358.39
236,Product 236,Clothing,GHI Industries,Description of Product 236,222.2
237,Product 237,Electronics,GHI Industries,Description of Product 237,374.48
238,Product 238,Sports & Outdoors,DEF Ltd,Description of Product 238,332.42
239,Product 239,Clothing,DEF Ltd,Description of Product 239,72.57
240,Product 240,Clothing,GHI Industries,Description of Product 240,434.66
241,Product 241,Electronics,ABC Corp,Description of Product 241,454.7
242,Product 242,Sports & Outdoors,GHI Industries,Description of Product 242,16.95
243,Product 243,Sports & Outdoors,DEF Ltd,Description of Product 243,196.68
244,Product 244,Clothing,GHI Industries,Description of Product 244,118.42
245,Product 245,Clothing,DEF Ltd,Description of Product 245,347.3
246,Product 246,Electronics,DEF Ltd,Description of Product 246,419.54
247,Product 247,Home & Garden,ABC Corp,Description of Product 247,114.31
248,Product 248,Sports & Outdoors,XYZ Inc,Description of Product 248,238.56
249,Product 249,Clothing,XYZ Inc,Description of Product 249,316.26
250,Product 250,Toys,DEF Ltd,Description of Product 250,228.42
251,Product 251,Clothing,XYZ Inc,Description of Product 251,269.59
252,Product 252,Home & Garden,XYZ Inc,Description of Product 252,474.12
253,Product 253,Electronics,LMN Enterprises,Description of Product 253,23.61
254,Product 254,Toys,LMN Enterprises,Description of Product 254,130.74
255,Product 255,Clothing,GHI Industries,Description of Product 255,468.65
256,Product 256,Home & Garden,DEF Ltd,Description of Product 256,376.35
257,Product 257,Toys,ABC Corp,Description of Product 257,116.21
258,Product 258,Electronics,LMN Enterprises,Description of Product 258,414.65
259,Product 259,Sports & Outdoors,ABC Corp,Description of Product 259,51.3
260,Product 260,Electronics,DEF Ltd,Description of Product 260,345.01
261,Product 261,Toys,DEF Ltd,Description of Product 261,489.05
262,Product 262,Sports & Outdoors,DEF Ltd,Description of Product 262,111.06
263,Product 263,Electronics,LMN Enterprises,Description of Product 263,231.04
264,Product 264,Sports & Outdoors,ABC Corp,Description of Product 264,410.22
265,Product 265,Home & Garden,DEF Ltd,Description of Product 265,172.68
266,Product 266,Toys,LMN Enterprises,Description of Product 266,477.05
267,Product 267,Toys,DEF Ltd,Description of Product 267,358.42
268,Product 268,Home & Garden,DEF Ltd,Description of Product 268,205.45
269,Product 269,Clothing,LMN Enterprises,Description of Product 269,499.45
270,Product 270,Sports & Outdoors,ABC Corp,Description of Product 270,27.55
271,Product 271,Sports & Outdoors,GHI Industries,Description of Product 271,71.62
272,Product 272,Electronics,ABC Corp,Description of Product 272,244.55
273,Product 273,Toys,ABC Corp,Description of Product 273,315.14
274,Product 274,Sports & Outdoors,LMN Enterprises,Description of Product 274,178.13
275,Product 275,Toys,GHI Industries,Description of Product 275,401.52
276,Product 276,Electronics,XYZ Inc,Description of Product 276,330.31
277,Product 277,Electronics,ABC Corp,Description of Product 277,105.98
278,Product 278,Sports & Outdoors,GHI Industries,Description of Product 278,71.21
279,Product 279,Home & Garden,GHI Industries,Description of Product 279,89.7
280,Product 280,Toys,GHI Industries,Description of Product 280,281.28
281,Product 281,Clothing,LMN Enterprises,Description of Product 281,232.47
282,Product 282,Sports & Outdoors,LMN Enterprises,Description of Product 282,350.38
283,Product 283,Clothing,DEF Ltd,Description of Product 283,14.28
284,Product 284,Home & Garden,DEF Ltd,Description of Product 284,123.01
285,Product 285,Home & Garden,GHI Industries,Description of Product 285,206.48
286,Product 286,Electronics,LMN Enterprises,Description of Product 286,480.92
287,Product 287,Clothing,DEF Ltd,Description of Product 287,314.89
288,Product 288,Sports & Outdoors,DEF Ltd,Description of Product 288,431.54
289,Product 289,Electronics,XYZ Inc,Description of Product 289,316.8
290,Product 290,Electronics,XYZ Inc,Description of Product 290,336.4
291,Product 291,Toys,XYZ Inc,Description of Product 291,494.62
292,Product 292,Toys,DEF Ltd,Description of Product 292,464.95
293,Product 293,Electronics,ABC Corp,Description of Product 293,221.9
294,Product 294,Clothing,XYZ Inc,Description of Product 294,148.78
295,Product 295,Electronics,GHI Industries,Description of Product 295,212.09
296,Product 296,Sports & Outdoors,LMN Enterprises,Description of Product 296,210.06
297,Product 297,Clothing,ABC Corp,Description of Product 297,187.35
298,Product 298,Sports & Outdoors,LMN Enterprises,Description of Product 298,464.75
299,Product 299,Home & Garden,LMN Enterprises,Description of Product 299,485.41
300,Product 300,Toys,LMN Enterprises,Description of Product 300,498.61
301,Product 301,Clothing,DEF Ltd,Description of Product 301,174.97
302,Product 302,Toys,LMN Enterprises,Description of Product 302,277.29
303,Product 303,Toys,DEF Ltd,Description of Product 303,40.49
304,Product 304,Clothing,LMN Enterprises,Description of Product 304,18.91
305,Product 305,Electronics,XYZ Inc,Description of Product 305,247.18
306,Product 306,Toys,DEF Ltd,Description of Product 306,347.31
307,Product 307,Toys,DEF Ltd,Description of Product 307,340.4
308,Product 308,Clothing,LMN Enterprises,Description of Product 308,285.18
309,Product 309,Toys,LMN Enterprises,Description of Product 309,415.88
310,Product 310,Toys,XYZ Inc,Description of Product 310,215.57
311,Product 311,Clothing,DEF Ltd,Description of Product 311,19.71
312,Product 312,Clothing,DEF Ltd,Description of Product 312,323.89
313,Product 313,Home & Garden,Description of Product 313,45.59,
314,Product 314,Electronics,XYZ Inc,Description of Product 314,152.56
315,Product 315,Clothing,XYZ Inc,Description of Product 315,165.02
316,Product 316,Toys,XYZ Inc,Description of Product 316,82.97
317,Product 317,Clothing,GHI Industries,Description of Product 317,148.55
318,Product 318,Sports & Outdoors,GHI Industries,Description of Product 318,294.36
319,Product 319,Toys,XYZ Inc,Description of Product 319,203.78
320,Product 320,Sports & Outdoors,XYZ Inc,Description of Product 320,88.27
321,Product 321,Home & Garden,XYZ Inc,Description of Product 321,17.44
322,Product 322,Sports & Outdoors,XYZ Inc,Description of Product 322,194.52
323,Product 323,Electronics,DEF Ltd,Description of Product 323,136.57
324,Product 324,Home & Garden,LMN Enterprises,Description of Product 324,469.35
325,Product 325,Toys,XYZ Inc,Description of Product 325,367.78
326,Product 326,Clothing,DEF Ltd,Description of Product 326,446.86
327,Product 327,Home & Garden,DEF Ltd,Description of Product 327,233.35
328,Product 328,Sports & Outdoors,XYZ Inc,Description of Product 328,237.78
329,Product 329,Sports & Outdoors,LMN Enterprises,Description of Product 329,364.67
330,Product 330,Clothing,XYZ Inc,Description of Product 330,470.62
331,Product 331,Home & Garden,LMN Enterprises,Description of Product 331,100.83
332,Product 332,Toys,GHI Industries,Description of Product 332,328.07
333,Product 333,Toys,DEF Ltd,Description of Product 333,42.18
334,Product 334,Clothing,DEF Ltd,Description of Product 334,327.6
335,Product 335,Sports & Outdoors,GHI Industries,Description of Product 335,361.55
336,Product 336,Electronics,XYZ Inc,Description of Product 336,453.73
337,Product 337,Sports & Outdoors,GHI Industries,Description of Product 337,316.03
338,Product 338,Toys,LMN Enterprises,Description of Product 338,48.16
339,Product 339,Clothing,XYZ Inc,Description of Product 339,156.57
340,Product 340,Electronics,XYZ Inc,Description of Product 340,64.84
341,Product 341,Clothing,XYZ Inc,Description of Product 341,11.48
342,Product 342,Toys,GHI Industries,Description of Product 342,140.37
343,Product 343,Electronics,LMN Enterprises,Description of Product 343,415.99
344,Product 344,Sports & Outdoors,ABC Corp,Description of Product 344,432.79
345,Product 345,Sports & Outdoors,LMN Enterprises,Description of Product 345,394.38
346,Product 346,Home & Garden,XYZ Inc,Description of Product 346,157.57
347,Product 347,Clothing,LMN Enterprises,Description of Product 347,444.44
348,Product 348,Toys,LMN Enterprises,Description of Product 348,277.92
349,Product 349,Toys,LMN Enterprises,Description of Product 349,488.47
350,Product 350,Home & Garden,LMN Enterprises,Description of Product 350,77.41
351,Product 351,Sports & Outdoors,GHI Industries,Description of Product 351,218.88
352,Product 352,Clothing,XYZ Inc,Description of Product 352,31.26
353,Product 353,Sports & Outdoors,DEF Ltd,Description of Product 353,421.76
354,Product 354,Sports & Outdoors,LMN Enterprises,Description of Product 354,122.05
355,Product 355,Clothing,DEF Ltd,Description of Product 355,103.69
356,Product 356,Clothing,XYZ Inc,Description of Product 356,57.33
357,Product 357,Electronics,DEF Ltd,Description of Product 357,165.14
358,Product 358,Sports & Outdoors,XYZ Inc,Description of Product 358,45.26
359,Product 359,Home & Garden,ABC Corp,Description of Product 359,82.14
360,Product 360,Electronics,GHI Industries,Description of Product 360,203.26
361,Product 361,Clothing,DEF Ltd,Description of Product 361,449.42
362,Product 362,Home & Garden,LMN Enterprises,Description of Product 362,400.79
363,Product 363,Clothing,ABC Corp,Description of Product 363,375.71
364,Product 364,Clothing,XYZ Inc,Description of Product 364,181.47
365,Product 365,Electronics,GHI Industries,Description of Product 365,394.14
366,Product 366,Home & Garden,LMN Enterprises,Description of Product 366,119.52
367,Product 367,Toys,XYZ Inc,Description of Product 367,51.73
368,Product 368,Clothing,LMN Enterprises,Description of Product 368,252.42
369,Product 369,Electronics,GHI Industries,Description of Product 369,446.94
370,Product 370,Sports & Outdoors,LMN Enterprises,Description of Product 370,234.95
371,Product 371,Clothing,DEF Ltd,Description of Product 371,35.75
372,Product 372,Toys,ABC Corp,Description of Product 372,275.56
373,Product 373,Toys,LMN Enterprises,Description of Product 373,456.99
374,Product 374,Home & Garden,DEF Ltd,Description of Product 374,69.78
375,Product 375,Sports & Outdoors,LMN Enterprises,Description of Product 375,12.87
376,Product 376,Toys,ABC Corp,Description of Product 376,222.58
377,Product 377,Clothing,LMN Enterprises,Description of Product 377,310.81
378,Product 378,Electronics,ABC Corp,Description of Product 378,102.87
379,Product 379,Toys,GHI Industries,Description of Product 379,349.76
380,Product 380,Electronics,XYZ Inc,Description of Product 380,345.43
381,Product 381,Sports & Outdoors,LMN Enterprises,Description of Product 381,483.64
382,Product 382,Electronics,XYZ Inc,Description of Product 382,291.25
383,Product 383,Electronics,DEF Ltd,Description of Product 383,257.28
384,Product 384,Clothing,DEF Ltd,Description of Product 384,58.57
385,Product 385,Clothing,LMN Enterprises,Description of Product 385,118.09
386,Product 386,Sports & Outdoors,LMN Enterprises,Description of Product 386,83.47
387,Product 387,Home & Garden,XYZ Inc,Description of Product 387,82.77
388,Product 388,Clothing,GHI Industries,Description of Product 388,206.76
389,Product 389,Toys,ABC Corp,Description of Product 389,473.86
390,Product 390,Toys,LMN Enterprises,Description of Product 390,179.6
391,Product 391,Toys,GHI Industries,Description of Product 391,12.52
392,Product 392,Home & Garden,DEF Ltd,Description of Product 392,112.74
393,Product 393,Clothing,ABC Corp,Description of Product 393,296.09
394,Product 394,Clothing,ABC Corp,Description of Product 394,107.79
395,Product 395,Clothing,LMN Enterprises,Description of Product 395,255.91
396,Product 396,Clothing,XYZ Inc,Description of Product 396,82.37
397,Product 397,Toys,GHI Industries,Description of Product 397,364.42
398,Product 398,Home & Garden,LMN Enterprises,Description of Product 398,107.11
399,Product 399,Electronics,DEF Ltd,Description of Product 399,474.76
400,Product 400,Sports & Outdoors,DEF Ltd,Description of Product 400,188.94
401,Product 401,Electronics,XYZ Inc,Description of Product 401,269.67
402,Product 402,Toys,ABC Corp,Description of Product 402,26.57
403,Product 403,Electronics,LMN Enterprises,Description of Product 403,114.02
404,Product 404,Electronics,LMN Enterprises,Description of Product 404,377.29
405,Product 405,Toys,LMN Enterprises,Description of Product 405,429.87
406,Product 406,Home & Garden,ABC Corp,Description of Product 406,58.84
407,Product 407,Sports & Outdoors,XYZ Inc,Description of Product 407,350.05
408,Product 408,Toys,ABC Corp,Description of Product 408,488.47
409,Product 409,Electronics,DEF Ltd,Description of Product 409,210.22
410,Product 410,Toys,ABC Corp,Description of Product 410,384.89
411,Product 411,Toys,DEF Ltd,Description of Product 411,82.78
412,Product 412,Home & Garden,ABC Corp,Description of Product 412,73.18
413,Product 413,Sports & Outdoors,LMN Enterprises,Description of Product 413,361.45
414,Product 414,Sports & Outdoors,DEF Ltd,Description of Product 414,228.04
415,Product 415,Toys,ABC Corp,Description of Product 415,53.77
416,Product 416,Electronics,GHI Industries,Description of Product 416,226.23
417,Product 417,Clothing,LMN Enterprises,Description of Product 417,132.97
418,Product 418,Home & Garden,GHI Industries,Description of Product 418,352.77
419,Product 419,Toys,GHI Industries,Description of Product 419,165.68
420,Product 420,Electronics,XYZ Inc,Description of Product 420,442.19
421,Product 421,Clothing,GHI Industries,Description of Product 421,424.32
422,Product 422,Clothing,ABC Corp,Description of Product 422,257.8
423,Product 423,Electronics,LMN Enterprises,Description of Product 423,147.28
424,Product 424,Electronics,GHI Industries,Description of Product 424,319.93
425,Product 425,Clothing,XYZ Inc,Description of Product 425,453.26
426,Product 426,Home & Garden,GHI Industries,Description of Product 426,38.95
427,Product 427,Toys,LMN Enterprises,Description of Product 427,78.6
428,Product 428,Toys,DEF Ltd,Description of Product 428,410.94
429,Product 429,Home & Garden,XYZ Inc,Description of Product 429,441.57
430,Product 430,Clothing,LMN Enterprises,Description of Product 430,238.04
431,Product 431,Sports & Outdoors,XYZ Inc,Description of Product 431,274.59
432,Product 432,Electronics,XYZ Inc,Description of Product 432,402.31
433,Product 433,Electronics,LMN Enterprises,Description of Product 433,174.84
434,Product 434,Toys,GHI Industries,Description of Product 434,484.34
435,Product 435,Clothing,ABC Corp,Description of Product 435,337.36
436,Product 436,Toys,DEF Ltd,Description of Product 436,294.07
437,Product 437,Toys,LMN Enterprises,Description of Product 437,405.67
438,Product 438,Clothing,LMN Enterprises,Description of Product 438,17.01
439,Product 439,Sports & Outdoors,GHI Industries,Description of Product 439,29.55
440,Product 440,Toys,LMN Enterprises,Description of Product 440,446.84
441,Product 441,Electronics,ABC Corp,Description of Product 441,112.24
442,Product 442,Clothing,XYZ Inc,Description of Product 442,224.15
443,Product 443,Electronics,DEF Ltd,Description of Product 443,150.22
444,Product 444,Electronics,ABC Corp,Description of Product 444,398.22
445,Product 445,Home & Garden,LMN Enterprises,Description of Product 445,11.04
446,Product 446,Electronics,LMN Enterprises,Description of Product 446,245.11
447,Product 447,Sports & Outdoors,ABC Corp,Description of Product 447,412.54
448,Product 448,Home & Garden,ABC Corp,Description of Product 448,442.26
449,Product 449,Electronics,XYZ Inc,Description of Product 449,302.55
450,Product 450,Home & Garden,XYZ Inc,Description of Product 450,53.1
451,Product 451,Clothing,ABC Corp,Description of Product 451,331.43
452,Product 452,Sports & Outdoors,GHI Industries,Description of Product 452,376.9
453,Product 453,Sports & Outdoors,LMN Enterprises,Description of Product 453,442.84
454,Product 454,Toys,GHI Industries,Description of Product 454,353.13
455,Product 455,Clothing,LMN Enterprises,Description of Product 455,491.95
456,Product 456,Electronics,ABC Corp,Description of Product 456,430.95
457,Product 457,Toys,ABC Corp,Description of Product 457,162.23
458,Product 458,Toys,DEF Ltd,Description of Product 458,343.45
459,Product 459,Toys,GHI Industries,Description of Product 459,365.2
460,Product 460,Clothing,GHI Industries,Description of Product 460,299.48
461,Product 461,Home & Garden,XYZ Inc,Description of Product 461,314.06
462,Product 462,Home & Garden,GHI Industries,Description of Product 462,95.67
463,Product 463,Electronics,DEF Ltd,Description of Product 463,277.44
464,Product 464,Clothing,DEF Ltd,Description of Product 464,43.85
465,Product 465,Home & Garden,XYZ Inc,Description of Product 465,161.31
466,Product 466,Clothing,ABC Corp,Description of Product 466,458.43
467,Product 467,Home & Garden,ABC Corp,Description of Product 467,125.11
468,Product 468,Home & Garden,GHI Industries,Description of Product 468,223.54
469,Product 469,Home & Garden,XYZ Inc,Description of Product 469,107.7
470,Product 470,Clothing,ABC Corp,Description of Product 470,92.28
471,Product 471,Home & Garden,XYZ Inc,Description of Product 471,379.1
472,Product 472,Toys,DEF Ltd,Description of Product 472,417.64
473,Product 473,Electronics,LMN Enterprises,Description of Product 473,429.97
474,Product 474,Home & Garden,LMN Enterprises,Description of Product 474,55.58
475,Product 475,Clothing,GHI Industries,Description of Product 475,497.59
476,Product 476,Clothing,XYZ Inc,Description of Product 476,426.49
477,Product 477,Sports & Outdoors,ABC Corp,Description of Product 477,103.38
478,Product 478,Electronics,ABC Corp,Description of Product 478,161.09
479,Product 479,Clothing,DEF Ltd,Description of Product 479,251.97
480,Product 480,Toys,XYZ Inc,Description of Product 480,454.53
481,Product 481,Toys,DEF Ltd,Description of Product 481,308.87
482,Product 482,Electronics,XYZ Inc,Description of Product 482,257.56
483,Product 483,Toys,XYZ Inc,Description of Product 483,487.57
484,Product 484,Toys,ABC Corp,Description of Product 484,179.4
485,Product 485,Electronics,XYZ Inc,Description of Product 485,489.66
486,Product 486,Electronics,LMN Enterprises,Description of Product 486,58.73
487,Product 487,Home & Garden,XYZ Inc,Description of Product 487,487.74
488,Product 488,Sports & Outdoors,LMN Enterprises,Description of Product 488,402.94
489,Product 489,Home & Garden,DEF Ltd,Description of Product 489,438.41
490,Product 490,Home & Garden,GHI Industries,Description of Product 490,24.37
491,Product 491,Clothing,DEF Ltd,Description of Product 491,106.33
492,Product 492,Clothing,LMN Enterprises,Description of Product 492,351.26
493,Product 493,Sports & Outdoors,XYZ Inc,Description of Product 493,113.28
494,Product 494,Sports & Outdoors,DEF Ltd,Description of Product 494,498.13
495,Product 495,Clothing,GHI Industries,Description of Product 495,371.21
496,Product 496,Toys,DEF Ltd,Description of Product 496,179.72
497,Product 497,Electronics,XYZ Inc,Description of Product 497,187.46
498,Product 498,Sports & Outdoors,XYZ Inc,Description of Product 498,310.21
499,Product 499,Clothing,GHI Industries,Description of Product 499,421.72
500,Product 500,Sports & Outdoors,DEF Ltd,Description of Product 500,458.25
501,Product 501,Toys,XYZ Inc,Description of Product 501,130.11
502,Product 502,Toys,DEF Ltd,Description of Product 502,415.98
503,Product 503,Toys,ABC Corp,Description of Product 503,269.79
504,Product 504,Sports & Outdoors,XYZ Inc,Description of Product 504,425.07
505,Product 505,Toys,GHI Industries,Description of Product 505,226.32
506,Product 506,Toys,ABC Corp,Description of Product 506,240.59
507,Product 507,Home & Garden,DEF Ltd,Description of Product 507,36.04
508,Product 508,Home & Garden,DEF Ltd,Description of Product 508,357.58
509,Product 509,Electronics,XYZ Inc,Description of Product 509,462.66
510,Product 510,Sports & Outdoors,XYZ Inc,Description of Product 510,351.11
511,Product 511,Electronics,GHI Industries,Description of Product 511,304.69
512,Product 512,Clothing,LMN Enterprises,Description of Product 512,453.79
513,Product 513,Home & Garden,ABC Corp,Description of Product 513,409.46
514,Product 514,Home & Garden,ABC Corp,Description of Product 514,143.36
515,Product 515,Clothing,XYZ Inc,Description of Product 515,296.02
516,Product 516,Electronics,XYZ Inc,Description of Product 516,237.69
517,Product 517,Clothing,LMN Enterprises,Description of Product 517,242.35
518,Product 518,Electronics,GHI Industries,Description of Product 518,44.41
519,Product 519,Clothing,ABC Corp,Description of Product 519,390.86
520,Product 520,Clothing,XYZ Inc,Description of Product 520,48.76
521,Product 521,Sports & Outdoors,XYZ Inc,Description of Product 521,157.23
522,Product 522,Sports & Outdoors,DEF Ltd,Description of Product 522,496.63
523,Product 523,Toys,ABC Corp,Description of Product 523,467.98
524,Product 524,Toys,GHI Industries,Description of Product 524,200.57
525,Product 525,Clothing,LMN Enterprises,Description of Product 525,336.19
526,Product 526,Home & Garden,XYZ Inc,Description of Product 526,78.3
527,Product 527,Electronics,XYZ Inc,Description of Product 527,338.1
528,Product 528,Sports & Outdoors,GHI Industries,Description of Product 528,446.53
529,Product 529,Sports & Outdoors,LMN Enterprises,Description of Product 529,108.64
530,Product 530,Clothing,XYZ Inc,Description of Product 530,428.78
531,Product 531,Sports & Outdoors,GHI Industries,Description of Product 531,163.52
532,Product 532,Sports & Outdoors,XYZ Inc,Description of Product 532,212.95
533,Product 533,Sports & Outdoors,XYZ Inc,Description of Product 533,239.25
534,Product 534,Sports & Outdoors,LMN Enterprises,Description of Product 534,286.75
535,Product 535,Sports & Outdoors,ABC Corp,Description of Product 535,214.85
536,Product 536,Home & Garden,XYZ Inc,Description of Product 536,42.22
537,Product 537,Sports & Outdoors,XYZ Inc,Description of Product 537,491.63
538,Product 538,Toys,XYZ Inc,Description of Product 538,305.55
539,Product 539,Electronics,GHI Industries,Description of Product 539,121.6
540,Product 540,Electronics,DEF Ltd,Description of Product 540,128.9
541,Product 541,Clothing,LMN Enterprises,Description of Product 541,454.72
542,Product 542,Clothing,XYZ Inc,Description of Product 542,215.85
543,Product 543,Toys,XYZ Inc,Description of Product 543,230.75
544,Product 544,Electronics,LMN Enterprises,Description of Product 544,195.93
545,Product 545,Electronics,XYZ Inc,Description of Product 545,41.93
546,Product 546,Electronics,LMN Enterprises,Description of Product 546,175.53
547,Product 547,Electronics,DEF Ltd,Description of Product 547,40.14
548,Product 548,Toys,DEF Ltd,Description of Product 548,228.08
549,Product 549,Home & Garden,DEF Ltd,Description of Product 549,215.85
550,Product 550,Toys,XYZ Inc,Description of Product 550,204.71
551,Product 551,Sports & Outdoors,GHI Industries,Description of Product 551,258.77
552,Product 552,Toys,GHI Industries,Description of Product 552,84.81
553,Product 553,Toys,GHI Industries,Description of Product 553,165.1
554,Product 554,Sports & Outdoors,ABC Corp,Description of Product 554,82.37
555,Product 555,Home & Garden,GHI Industries,Description of Product 555,442.4
556,Product 556,Clothing,XYZ Inc,Description of Product 556,76.86
557,Product 557,Sports & Outdoors,GHI Industries,Description of Product 557,176.6
558,Product 558,Electronics,LMN Enterprises,Description of Product 558,83.45
559,Product 559,Home & Garden,XYZ Inc,Description of Product 559,341.3
560,Product 560,Sports & Outdoors,DEF Ltd,Description of Product 560,166.13
561,Product 561,Clothing,DEF Ltd,Description of Product 561,46.48
562,Product 562,Clothing,GHI Industries,Description of Product 562,400.09
563,Product 563,Home & Garden,LMN Enterprises,Description of Product 563,98.17
564,Product 564,Clothing,ABC Corp,Description of Product 564,433.35
565,Product 565,Clothing,GHI Industries,Description of Product 565,430.5
566,Product 566,Sports & Outdoors,LMN Enterprises,Description of Product 566,61.72
567,Product 567,Clothing,XYZ Inc,Description of Product 567,349.5
568,Product 568,Electronics,LMN Enterprises,Description of Product 568,146.76
569,Product 569,Home & Garden,GHI Industries,Description of Product 569,316.17
570,Product 570,Sports & Outdoors,ABC Corp,Description of Product 570,337.24
571,Product 571,Toys,ABC Corp,Description of Product 571,369.98
572,Product 572,Electronics,LMN Enterprises,Description of Product 572,128.55
573,Product 573,Electronics,ABC Corp,Description of Product 573,350.78
574,Product 574,Electronics,ABC Corp,Description of Product 574,41.92
575,Product 575,Electronics,DEF Ltd,Description of Product 575,148.06
576,Product 576,Sports & Outdoors,GHI Industries,Description of Product 576,359.87
577,Product 577,Sports & Outdoors,XYZ Inc,Description of Product 577,487.84
578,Product 578,Home & Garden,ABC Corp,Description of Product 578,49.78
579,Product 579,Clothing,LMN Enterprises,Description of Product 579,112.24
580,Product 580,Clothing,GHI Industries,Description of Product 580,461.87
581,Product 581,Electronics,ABC Corp,Description of Product 581,338.14
582,Product 582,Sports & Outdoors,DEF Ltd,Description of Product 582,129.39
583,Product 583,Toys,DEF Ltd,Description of Product 583,442.02
584,Product 584,Sports & Outdoors,XYZ Inc,Description of Product 584,258.82
585,Product 585,Electronics,DEF Ltd,Description of Product 585,241.72
586,Product 586,Toys,DEF Ltd,Description of Product 586,128.32
587,Product 587,Toys,LMN Enterprises,Description of Product 587,425.52
588,Product 588,Clothing,LMN Enterprises,Description of Product 588,279.3
589,Product 589,Sports & Outdoors,DEF Ltd,Description of Product 589,208.69
590,Product 590,Electronics,LMN Enterprises,Description of Product 590,110.14
591,Product 591,Electronics,XYZ Inc,Description of Product 591,240.7
592,Product 592,Home & Garden,LMN Enterprises,Description of Product 592,349.91
593,Product 593,Sports & Outdoors,ABC Corp,Description of Product 593,486.08
594,Product 594,Home & Garden,LMN Enterprises,Description of Product 594,108.08
595,Product 595,Clothing,DEF Ltd,Description of Product 595,170.69
596,Product 596,Home & Garden,LMN Enterprises,Description of Product 596,100.03
597,Product 597,Toys,XYZ Inc,Description of Product 597,452.66
598,Product 598,Toys,GHI Industries,Description of Product 598,331.23
599,Product 599,Clothing,LMN Enterprises,Description of Product 599,179.11
600,Product 600,Home & Garden,ABC Corp,Description of Product 600,90.3
601,Product 601,Electronics,XYZ Inc,Description of Product 601,133.91
602,Product 602,Home & Garden,DEF Ltd,Description of Product 602,17.37
603,Product 603,Home & Garden,ABC Corp,Description of Product 603,457.29
604,Product 604,Clothing,XYZ Inc,Description of Product 604,85.18
605,Product 605,Clothing,DEF Ltd,Description of Product 605,362.02
606,Product 606,Home & Garden,DEF Ltd,Description of Product 606,119.09
607,Product 607,Clothing,DEF Ltd,Description of Product 607,265.78
608,Product 608,Home & Garden,ABC Corp,Description of Product 608,265.23
609,Product 609,Electronics,DEF Ltd,Description of Product 609,90.25
610,Product 610,Clothing,XYZ Inc,Description of Product 610,250.46
611,Product 611,Clothing,LMN Enterprises,Description of Product 611,367.55
612,Product 612,Sports & Outdoors,ABC Corp,Description of Product 612,248.11
613,Product 613,Home & Garden,DEF Ltd,Description of Product 613,341.73
614,Product 614,Clothing,ABC Corp,Description of Product 614,93.16
615,Product 615,Home & Garden,DEF Ltd,Description of Product 615,331.08
616,Product 616,Home & Garden,XYZ Inc,Description of Product 616,137.57
617,Product 617,Electronics,GHI Industries,Description of Product 617,341.12
618,Product 618,Toys,XYZ Inc,Description of Product 618,134.08
619,Product 619,Sports & Outdoors,XYZ Inc,Description of Product 619,168.12
620,Product 620,Toys,GHI Industries,Description of Product 620,300.59
621,Product 621,Clothing,LMN Enterprises,Description of Product 621,174.54
622,Product 622,Clothing,GHI Industries,Description of Product 622,456.26
623,Product 623,Home & Garden,GHI Industries,Description of Product 623,499.52
624,Product 624,Sports & Outdoors,LMN Enterprises,Description of Product 624,55.44
625,Product 625,Electronics,ABC Corp,Description of Product 625,446.49
626,Product 626,Sports & Outdoors,XYZ Inc,Description of Product 626,197.61
627,Product 627,Clothing,DEF Ltd,Description of Product 627,200.65
628,Product 628,Electronics,GHI Industries,Description of Product 628,19.59
629,Product 629,Sports & Outdoors,XYZ Inc,Description of Product 629,425.5
630,Product 630,Electronics,XYZ Inc,Description of Product 630,301.18
631,Product 631,Clothing,XYZ Inc,Description of Product 631,378.49
632,Product 632,Home & Garden,LMN Enterprises,Description of Product 632,22.43
633,Product 633,Home & Garden,LMN Enterprises,Description of Product 633,414.71
634,Product 634,Electronics,XYZ Inc,Description of Product 634,205.34
635,Product 635,Electronics,GHI Industries,Description of Product 635,53.84
636,Product 636,Clothing,DEF Ltd,Description of Product 636,373.35
637,Product 637,Toys,GHI Industries,Description of Product 637,364.51
638,Product 638,Sports & Outdoors,GHI Industries,Description of Product 638,174.97
639,Product 639,Electronics,XYZ Inc,Description of Product 639,227.6
640,Product 640,Sports & Outdoors,DEF Ltd,Description of Product 640,479.18
641,Product 641,Home & Garden,DEF Ltd,Description of Product 641,44.19
642,Product 642,Home & Garden,LMN Enterprises,Description of Product 642,28.2
643,Product 643,Sports & Outdoors,GHI Industries,Description of Product 643,174.27
644,Product 644,Electronics,DEF Ltd,Description of Product 644,306.96
645,Product 645,Toys,GHI Industries,Description of Product 645,281.82
646,Product 646,Home & Garden,XYZ Inc,Description of Product 646,30.84
647,Product 647,Sports & Outdoors,GHI Industries,Description of Product 647,450.8
648,Product 648,Electronics,DEF Ltd,Description of Product 648,70.03
649,Product 649,Electronics,LMN Enterprises,Description of Product 649,392.47
650,Product 650,Electronics,GHI Industries,Description of Product 650,249.31
651,Product 651,Clothing,LMN Enterprises,Description of Product 651,330.78
652,Product 652,Clothing,LMN Enterprises,Description of Product 652,345.92
653,Product 653,Clothing,XYZ Inc,Description of Product 653,355.92
654,Product 654,Sports & Outdoors,LMN Enterprises,Description of Product 654,239.05
655,Product 655,Sports & Outdoors,DEF Ltd,Description of Product 655,137.73
656,Product 656,Home & Garden,DEF Ltd,Description of Product 656,168.34
657,Product 657,Home & Garden,ABC Corp,Description of Product 657,380.18
658,Product 658,Electronics,ABC Corp,Description of Product 658,417.61
659,Product 659,Sports & Outdoors,ABC Corp,Description of Product 659,78.65
660,Product 660,Electronics,XYZ Inc,Description of Product 660,407.64
661,Product 661,Electronics,ABC Corp,Description of Product 661,437.71
662,Product 662,Home & Garden,XYZ Inc,Description of Product 662,364.08
663,Product 663,Clothing,DEF Ltd,Description of Product 663,35.55
664,Product 664,Home & Garden,ABC Corp,Description of Product 664,305.31
665,Product 665,Home & Garden,LMN Enterprises,Description of Product 665,414.45
666,Product 666,Electronics,DEF Ltd,Description of Product 666,273.77
667,Product 667,Toys,DEF Ltd,Description of Product 667,266
668,Product 668,Toys,DEF Ltd,Description of Product 668,242.79
669,Product 669,Electronics,LMN Enterprises,Description of Product 669,143.37
670,Product 670,Electronics,GHI Industries,Description of Product 670,234.18
671,Product 671,Toys,XYZ Inc,Description of Product 671,49.6
672,Product 672,Home & Garden,LMN Enterprises,Description of Product 672,26.14
673,Product 673,Toys,XYZ Inc,Description of Product 673,258.25
674,Product 674,Electronics,LMN Enterprises,Description of Product 674,67.96
675,Product 675,Home & Garden,GHI Industries,Description of Product 675,378
676,Product 676,Sports & Outdoors,XYZ Inc,Description of Product 676,56.48
677,Product 677,Sports & Outdoors,GHI Industries,Description of Product 677,150.33
678,Product 678,Home & Garden,DEF Ltd,Description of Product 678,166.94
679,Product 679,Clothing,DEF Ltd,Description of Product 679,482.13
680,Product 680,Electronics,GHI Industries,Description of Product 680,162.38
681,Product 681,Home & Garden,ABC Corp,Description of Product 681,65.01
682,Product 682,Toys,LMN Enterprises,Description of Product 682,297.3
683,Product 683,Sports & Outdoors,LMN Enterprises,Description of Product 683,165.7
684,Product 684,Toys,GHI Industries,Description of Product 684,61.16
685,Product 685,Home & Garden,GHI Industries,Description of Product 685,136.48
686,Product 686,Home & Garden,GHI Industries,Description of Product 686,317.87
687,Product 687,Clothing,ABC Corp,Description of Product 687,394.15
688,Product 688,Electronics,GHI Industries,Description of Product 688,21.65
689,Product 689,Home & Garden,XYZ Inc,Description of Product 689,316.03
690,Product 690,Sports & Outdoors,DEF Ltd,Description of Product 690,123.87
691,Product 691,Sports & Outdoors,XYZ Inc,Description of Product 691,22.69
692,Product 692,Electronics,ABC Corp,Description of Product 692,404.05
693,Product 693,Toys,LMN Enterprises,Description of Product 693,128.74
694,Product 694,Sports & Outdoors,GHI Industries,Description of Product 694,231.55
695,Product 695,Electronics,ABC Corp,Description of Product 695,46.58
696,Product 696,Sports & Outdoors,LMN Enterprises,Description of Product 696,129.79
697,Product 697,Sports & Outdoors,XYZ Inc,Description of Product 697,419.44
698,Product 698,Toys,LMN Enterprises,Description of Product 698,451.15
699,Product 699,Electronics,ABC Corp,Description of Product 699,20.58
700,Product 700,Electronics,GHI Industries,Description of Product 700,325.82
701,Product 701,Sports & Outdoors,XYZ Inc,Description of Product 701,468.38
702,Product 702,Sports & Outdoors,GHI Industries,Description of Product 702,200.53
703,Product 703,Toys,LMN Enterprises,Description of Product 703,298.16
704,Product 704,Toys,GHI Industries,Description of Product 704,259.34
705,Product 705,Home & Garden,DEF Ltd,Description of Product 705,125.98
706,Product 706,Clothing,XYZ Inc,Description of Product 706,163.78
707,Product 707,Home & Garden,ABC Corp,Description of Product 707,252.73
708,Product 708,Clothing,LMN Enterprises,Description of Product 708,400.69
709,Product 709,Toys,LMN Enterprises,Description of Product 709,70.11
710,Product 710,Home & Garden,GHI Industries,Description of Product 710,309.83
711,Product 711,Electronics,GHI Industries,Description of Product 711,375.26
712,Product 712,Home & Garden,DEF Ltd,Description of Product 712,126.04
713,Product 713,Toys,ABC Corp,Description of Product 713,72.66
714,Product 714,Clothing,GHI Industries,Description of Product 714,485.67
715,Product 715,Toys,DEF Ltd,Description of Product 715,99.57
716,Product 716,Electronics,ABC Corp,Description of Product 716,76.02
717,Product 717,Sports & Outdoors,LMN Enterprises,Description of Product 717,100.21
718,Product 718,Clothing,XYZ Inc,Description of Product 718,160.81
719,Product 719,Clothing,LMN Enterprises,Description of Product 719,344.89
720,Product 720,Sports & Outdoors,LMN Enterprises,Description of Product 720,427.75
721,Product 721,Toys,DEF Ltd,Description of Product 721,175.16
722,Product 722,Home & Garden,ABC Corp,Description of Product 722,475.24
723,Product 723,Sports & Outdoors,GHI Industries,Description of Product 723,304.27
724,Product 724,Electronics,ABC Corp,Description of Product 724,443.61
725,Product 725,Home & Garden,XYZ Inc,Description of Product 725,317.82
726,Product 726,Home & Garden,XYZ Inc,Description of Product 726,65.2
727,Product 727,Sports & Outdoors,LMN Enterprises,Description of Product 727,357.02
728,Product 728,Electronics,GHI Industries,Description of Product 728,340.95
729,Product 729,Clothing,XYZ Inc,Description of Product 729,385.64
730,Product 730,Toys,XYZ Inc,Description of Product 730,24.9
731,Product 731,Sports & Outdoors,ABC Corp,Description of Product 731,14.42
732,Product 732,Sports & Outdoors,DEF Ltd,Description of Product 732,315.27
733,Product 733,Clothing,XYZ Inc,Description of Product 733,226.29
734,Product 734,Sports & Outdoors,DEF Ltd,Description of Product 734,86.43
735,Product 735,Clothing,ABC Corp,Description of Product 735,402
736,Product 736,Clothing,GHI Industries,Description of Product 736,115.15
737,Product 737,Toys,DEF Ltd,Description of Product 737,131.46
738,Product 738,Clothing,GHI Industries,Description of Product 738,88.99
739,Product 739,Home & Garden,ABC Corp,Description of Product 739,403.43
740,Product 740,Toys,ABC Corp,Description of Product 740,171.96
741,Product 741,Sports & Outdoors,DEF Ltd,Description of Product 741,239.21
742,Product 742,Sports & Outdoors,XYZ Inc,Description of Product 742,455.78
743,Product 743,Clothing,XYZ Inc,Description of Product 743,199.07
744,Product 744,Clothing,GHI Industries,Description of Product 744,423.94
745,Product 745,Sports & Outdoors,GHI Industries,Description of Product 745,304.52
746,Product 746,Electronics,GHI Industries,Description of Product 746,263.28
747,Product 747,Home & Garden,LMN Enterprises,Description of Product 747,302.98
748,Product 748,Clothing,ABC Corp,Description of Product 748,310.77
749,Product 749,Home & Garden,LMN Enterprises,Description of Product 749,466.64
750,Product 750,Toys,LMN Enterprises,Description of Product 750,391.12
751,Product 751,Electronics,XYZ Inc,Description of Product 751,303.84
752,Product 752,Clothing,XYZ Inc,Description of Product 752,181.09
753,Product 753,Sports & Outdoors,GHI Industries,Description of Product 753,230.03
754,Product 754,Toys,ABC Corp,Description of Product 754,246.61
755,Product 755,Home & Garden,DEF Ltd,Description of Product 755,353.88
756,Product 756,Home & Garden,XYZ Inc,Description of Product 756,321.05
757,Product 757,Home & Garden,GHI Industries,Description of Product 757,145.3
758,Product 758,Clothing,GHI Industries,Description of Product 758,290.4
759,Product 759,Home & Garden,LMN Enterprises,Description of Product 759,306.17
760,Product 760,Sports & Outdoors,ABC Corp,Description of Product 760,104.41
761,Product 761,Electronics,GHI Industries,Description of Product 761,395.54
762,Product 762,Electronics,ABC Corp,Description of Product 762,11.91
763,Product 763,Sports & Outdoors,XYZ Inc,Description of Product 763,360.8
764,Product 764,Home & Garden,DEF Ltd,Description of Product 764,441.27
765,Product 765,Home & Garden,ABC Corp,Description of Product 765,337.35
766,Product 766,Clothing,LMN Enterprises,Description of Product 766,330.07
767,Product 767,Toys,LMN Enterprises,Description of Product 767,443.53
768,Product 768,Clothing,GHI Industries,Description of Product 768,38.64
769,Product 769,Toys,LMN Enterprises,Description of Product 769,211.33
770,Product 770,Electronics,DEF Ltd,Description of Product 770,254
771,Product 771,Clothing,LMN Enterprises,Description of Product 771,223.23
772,Product 772,Sports & Outdoors,GHI Industries,Description of Product 772,415.34
773,Product 773,Clothing,GHI Industries,Description of Product 773,407.53
774,Product 774,Clothing,DEF Ltd,Description of Product 774,109.16
775,Product 775,Electronics,XYZ Inc,Description of Product 775,30.93
776,Product 776,Clothing,DEF Ltd,Description of Product 776,486.54
777,Product 777,Sports & Outdoors,ABC Corp,Description of Product 777,51.09
778,Product 778,Clothing,XYZ Inc,Description of Product 778,56.96
779,Product 779,Clothing,DEF Ltd,Description of Product 779,179.35
780,Product 780,Clothing,DEF Ltd,Description of Product 780,318.87
781,Product 781,Clothing,LMN Enterprises,Description of Product 781,128.14
782,Product 782,Clothing,GHI Industries,Description of Product 782,154.02
783,Product 783,Home & Garden,ABC Corp,Description of Product 783,101.04
784,Product 784,Toys,GHI Industries,Description of Product 784,361.24
785,Product 785,Sports & Outdoors,XYZ Inc,Description of Product 785,241.11
786,Product 786,Clothing,LMN Enterprises,Description of Product 786,110.17
787,Product 787,Electronics,ABC Corp,Description of Product 787,429.87
788,Product 788,Toys,XYZ Inc,Description of Product 788,250.85
789,Product 789,Home & Garden,GHI Industries,Description of Product 789,123.29
790,Product 790,Electronics,ABC Corp,Description of Product 790,163.34
791,Product 791,Clothing,LMN Enterprises,Description of Product 791,68.29
792,Product 792,Sports & Outdoors,LMN Enterprises,Description of Product 792,292.11
793,Product 793,Electronics,ABC Corp,Description of Product 793,460.79
794,Product 794,Toys,ABC Corp,Description of Product 794,201.83
795,Product 795,Clothing,DEF Ltd,Description of Product 795,324.68
796,Product 796,Clothing,DEF Ltd,Description of Product 796,214.58
797,Product 797,Electronics,GHI Industries,Description of Product 797,350.94
798,Product 798,Clothing,GHI Industries,Description of Product 798,426.89
799,Product 799,Home & Garden,LMN Enterprises,Description of Product 799,95.45
800,Product 800,Electronics,ABC Corp,Description of Product 800,209.59
801,Product 801,Sports & Outdoors,ABC Corp,Description of Product 801,461.01
802,Product 802,Sports & Outdoors,LMN Enterprises,Description of Product 802,158.21
803,Product 803,Electronics,DEF Ltd,Description of Product 803,395.68
804,Product 804,Toys,ABC Corp,Description of Product 804,33.7
805,Product 805,Clothing,GHI Industries,Description of Product 805,111.8
806,Product 806,Toys,ABC Corp,Description of Product 806,135.72
807,Product 807,Electronics,ABC Corp,Description of Product 807,478.61
808,Product 808,Electronics,ABC Corp,Description of Product 808,233.81
809,Product 809,Electronics,XYZ Inc,Description of Product 809,221.1
810,Product 810,Toys,GHI Industries,Description of Product 810,168.48
811,Product 811,Toys,LMN Enterprises,Description of Product 811,355.62
812,Product 812,Toys,GHI Industries,Description of Product 812,278.97
813,Product 813,Electronics,DEF Ltd,Description of Product 813,194.02
814,Product 814,Clothing,ABC Corp,Description of Product 814,496.04
815,Product 815,Toys,LMN Enterprises,Description of Product 815,27.78
816,Product 816,Home & Garden,LMN Enterprises,Description of Product 816,133.65
817,Product 817,Clothing,ABC Corp,Description of Product 817,91.42
818,Product 818,Toys,GHI Industries,Description of Product 818,261.13
819,Product 819,Toys,XYZ Inc,Description of Product 819,110.55
820,Product 820,Sports & Outdoors,GHI Industries,Description of Product 820,102.07
821,Product 821,Sports & Outdoors,XYZ Inc,Description of Product 821,283.07
822,Product 822,Clothing,GHI Industries,Description of Product 822,343.51
823,Product 823,Sports & Outdoors,ABC Corp,Description of Product 823,254.63
824,Product 824,Clothing,DEF Ltd,Description of Product 824,305.37
825,Product 825,Toys,ABC Corp,Description of Product 825,419.68
826,Product 826,Home & Garden,XYZ Inc,Description of Product 826,149.34
827,Product 827,Electronics,DEF Ltd,Description of Product 827,207.86
828,Product 828,Electronics,GHI Industries,Description of Product 828,340.43
829,Product 829,Toys,DEF Ltd,Description of Product 829,327.34
830,Product 830,Home & Garden,GHI Industries,Description of Product 830,492.33
831,Product 831,Home & Garden,GHI Industries,Description of Product 831,259.95
832,Product 832,Toys,GHI Industries,Description of Product 832,499.11
833,Product 833,Toys,XYZ Inc,Description of Product 833,146.66
834,Product 834,Electronics,LMN Enterprises,Description of Product 834,303.2
835,Product 835,Electronics,XYZ Inc,Description of Product 835,141.43
836,Product 836,Toys,XYZ Inc,Description of Product 836,477.85
837,Product 837,Sports & Outdoors,GHI Industries,Description of Product 837,197.07
838,Product 838,Toys,GHI Industries,Description of Product 838,204.47
839,Product 839,Sports & Outdoors,GHI Industries,Description of Product 839,361.85
840,Product 840,Toys,LMN Enterprises,Description of Product 840,302.1
841,Product 841,Home & Garden,XYZ Inc,Description of Product 841,281.15
842,Product 842,Clothing,ABC Corp,Description of Product 842,435.48
843,Product 843,Electronics,DEF Ltd,Description of Product 843,328.4
844,Product 844,Toys,DEF Ltd,Description of Product 844,251.98
845,Product 845,Home & Garden,GHI Industries,Description of Product 845,38.49
846,Product 846,Clothing,LMN Enterprises,Description of Product 846,192.72
847,Product 847,Home & Garden,ABC Corp,Description of Product 847,195.33
848,Product 848,Toys,LMN Enterprises,Description of Product 848,103.37
849,Product 849,Electronics,XYZ Inc,Description of Product 849,13.82
850,Product 850,Toys,XYZ Inc,Description of Product 850,42.81
851,Product 851,Electronics,XYZ Inc,Description of Product 851,450.41
852,Product 852,Clothing,XYZ Inc,Description of Product 852,178.2
853,Product 853,Sports & Outdoors,LMN Enterprises,Description of Product 853,78.46
854,Product 854,Toys,LMN Enterprises,Description of Product 854,248.37
855,Product 855,Home & Garden,ABC Corp,Description of Product 855,373.89
856,Product 856,Electronics,XYZ Inc,Description of Product 856,446.31
857,Product 857,Home & Garden,ABC Corp,Description of Product 857,218.86
858,Product 858,Sports & Outdoors,XYZ Inc,Description of Product 858,259.63
859,Product 859,Sports & Outdoors,DEF Ltd,Description of Product 859,152.16
860,Product 860,Electronics,ABC Corp,Description of Product 860,175.83
861,Product 861,Toys,GHI Industries,Description of Product 861,253.07
862,Product 862,Home & Garden,DEF Ltd,Description of Product 862,20.42
863,Product 863,Home & Garden,ABC Corp,Description of Product 863,42.24
864,Product 864,Home & Garden,LMN Enterprises,Description of Product 864,219.14
865,Product 865,Clothing,DEF Ltd,Description of Product 865,495.48
866,Product 866,Electronics,LMN Enterprises,Description of Product 866,464.16
867,Product 867,Clothing,DEF Ltd,Description of Product 867,76.12
868,Product 868,Clothing,GHI Industries,Description of Product 868,201.21
869,Product 869,Clothing,LMN Enterprises,Description of Product 869,77.67
870,Product 870,Electronics,DEF Ltd,Description of Product 870,51.67
871,Product 871,Electronics,XYZ Inc,Description of Product 871,215.26
872,Product 872,Clothing,DEF Ltd,Description of Product 872,445.76
873,Product 873,Clothing,ABC Corp,Description of Product 873,457.63
874,Product 874,Home & Garden,DEF Ltd,Description of Product 874,247.18
875,Product 875,Home & Garden,XYZ Inc,Description of Product 875,295.46
876,Product 876,Toys,DEF Ltd,Description of Product 876,412.84
877,Product 877,Home & Garden,LMN Enterprises,Description of Product 877,118.68
878,Product 878,Electronics,XYZ Inc,Description of Product 878,111.58
879,Product 879,Toys,ABC Corp,Description of Product 879,210.8
880,Product 880,Sports & Outdoors,ABC Corp,Description of Product 880,341
881,Product 881,Sports & Outdoors,DEF Ltd,Description of Product 881,474.63
882,Product 882,Sports & Outdoors,LMN Enterprises,Description of Product 882,369.66
883,Product 883,Clothing,ABC Corp,Description of Product 883,354.63
884,Product 884,Electronics,DEF Ltd,Description of Product 884,38.47
885,Product 885,Toys,DEF Ltd,Description of Product 885,135.78
886,Product 886,Clothing,XYZ Inc,Description of Product 886,441.61
887,Product 887,Toys,LMN Enterprises,Description of Product 887,192
888,Product 888,Clothing,ABC Corp,Description of Product 888,496.96
889,Product 889,Sports & Outdoors,DEF Ltd,Description of Product 889,87.92
890,Product 890,Toys,ABC Corp,Description of Product 890,468.55
891,Product 891,Electronics,DEF Ltd,Description of Product 891,443.45
892,Product 892,Clothing,LMN Enterprises,Description of Product 892,132.06
893,Product 893,Electronics,XYZ Inc,Description of Product 893,447.12
894,Product 894,Home & Garden,LMN Enterprises,Description of Product 894,364.63
895,Product 895,Electronics,GHI Industries,Description of Product 895,426.5
896,Product 896,Sports & Outdoors,DEF Ltd,Description of Product 896,134.19
897,Product 897,Home & Garden,LMN Enterprises,Description of Product 897,88.88
898,Product 898,Electronics,DEF Ltd,Description of Product 898,361.43
899,Product 899,Electronics,ABC Corp,Description of Product 899,139.24
900,Product 900,Clothing,ABC Corp,Description of Product 900,420.25
901,Product 901,Sports & Outdoors,GHI Industries,Description of Product 901,438.05
902,Product 902,Clothing,GHI Industries,Description of Product 902,107.26
903,Product 903,Clothing,DEF Ltd,Description of Product 903,94.3
904,Product 904,Clothing,GHI Industries,Description of Product 904,323.83
905,Product 905,Sports & Outdoors,DEF Ltd,Description of Product 905,152.95
906,Product 906,Home & Garden,XYZ Inc,Description of Product 906,261.73
907,Product 907,Clothing,GHI Industries,Description of Product 907,250.55
908,Product 908,Electronics,XYZ Inc,Description of Product 908,71.63
909,Product 909,Clothing,XYZ Inc,Description of Product 909,52.87
910,Product 910,Home & Garden,ABC Corp,Description of Product 910,235.02
911,Product 911,Clothing,ABC Corp,Description of Product 911,461.92
912,Product 912,Sports & Outdoors,ABC Corp,Description of Product 912,422.1
913,Product 913,Home & Garden,LMN Enterprises,Description of Product 913,421.72
914,Product 914,Sports & Outdoors,ABC Corp,Description of Product 914,444.86
915,Product 915,Home & Garden,DEF Ltd,Description of Product 915,460.71
916,Product 916,Clothing,DEF Ltd,Description of Product 916,23.48
917,Product 917,Sports & Outdoors,ABC Corp,Description of Product 917,291.18
918,Product 918,Toys,ABC Corp,Description of Product 918,200.98
919,Product 919,Clothing,GHI Industries,Description of Product 919,43.74
920,Product 920,Sports & Outdoors,ABC Corp,Description of Product 920,479.09
921,Product 921,Electronics,GHI Industries,Description of Product 921,36.24
922,Product 922,Electronics,DEF Ltd,Description of Product 922,339.78
923,Product 923,Toys,XYZ Inc,Description of Product 923,311.6
924,Product 924,Clothing,GHI Industries,Description of Product 924,426.58
925,Product 925,Home & Garden,GHI Industries,Description of Product 925,146.86
926,Product 926,Clothing,LMN Enterprises,Description of Product 926,218.91
927,Product 927,Home & Garden,XYZ Inc,Description of Product 927,77.11
928,Product 928,Electronics,DEF Ltd,Description of Product 928,433.57
929,Product 929,Sports & Outdoors,LMN Enterprises,Description of Product 929,15.55
930,Product 930,Sports & Outdoors,XYZ Inc,Description of Product 930,216.94
931,Product 931,Home & Garden,DEF Ltd,Description of Product 931,248.26
932,Product 932,Toys,ABC Corp,Description of Product 932,163.74
933,Product 933,Clothing,GHI Industries,Description of Product 933,193.22
934,Product 934,Home & Garden,ABC Corp,Description of Product 934,239.45
935,Product 935,Toys,ABC Corp,Description of Product 935,304.88
936,Product 936,Electronics,DEF Ltd,Description of Product 936,481.64
937,Product 937,Home & Garden,XYZ Inc,Description of Product 937,298.79
938,Product 938,Sports & Outdoors,XYZ Inc,Description of Product 938,240.21
939,Product 939,Clothing,GHI Industries,Description of Product 939,334.91
940,Product 940,Electronics,LMN Enterprises,Description of Product 940,274.51
941,Product 941,Sports & Outdoors,XYZ Inc,Description of Product 941,33.96
942,Product 942,Toys,XYZ Inc,Description of Product 942,290.35
943,Product 943,Electronics,LMN Enterprises,Description of Product 943,232.21
944,Product 944,Toys,ABC Corp,Description of Product 944,434.94
945,Product 945,Sports & Outdoors,GHI Industries,Description of Product 945,474.36
946,Product 946,Toys,DEF Ltd,Description of Product 946,102.87
947,Product 947,Electronics,LMN Enterprises,Description of Product 947,53.53
948,Product 948,Sports & Outdoors,DEF Ltd,Description of Product 948,53.11
949,Product 949,Electronics,ABC Corp,Description of Product 949,406.51
950,Product 950,Sports & Outdoors,ABC Corp,Description of Product 950,261.15
951,Product 951,Electronics,ABC Corp,Description of Product 951,489.73
952,Product 952,Home & Garden,XYZ Inc,Description of Product 952,376.36
953,Product 953,Sports & Outdoors,ABC Corp,Description of Product 953,171.88
954,Product 954,Home & Garden,ABC Corp,Description of Product 954,221.28
955,Product 955,Sports & Outdoors,XYZ Inc,Description of Product 955,50.23
956,Product 956,Toys,XYZ Inc,Description of Product 956,439.49
957,Product 957,Toys,LMN Enterprises,Description of Product 957,165.5
958,Product 958,Toys,GHI Industries,Description of Product 958,424.98
959,Product 959,Electronics,ABC Corp,Description of Product 959,30.66
960,Product 960,Sports & Outdoors,ABC Corp,Description of Product 960,461.71
961,Product 961,Home & Garden,XYZ Inc,Description of Product 961,243.6
962,Product 962,Electronics,DEF Ltd,Description of Product 962,239.74
963,Product 963,Electronics,DEF Ltd,Description of Product 963,475.41
964,Product 964,Toys,XYZ Inc,Description of Product 964,181.43
965,Product 965,Electronics,XYZ Inc,Description of Product 965,225.42
966,Product 966,Home & Garden,ABC Corp,Description of Product 966,182.55
967,Product 967,Sports & Outdoors,LMN Enterprises,Description of Product 967,481.98
968,Product 968,Clothing,ABC Corp,Description of Product 968,420.25
969,Product 969,Electronics,ABC Corp,Description of Product 969,32.14
970,Product 970,Home & Garden,LMN Enterprises,Description of Product 970,53.86
971,Product 971,Toys,XYZ Inc,Description of Product 971,312.86
972,Product 972,Home & Garden,ABC Corp,Description of Product 972,413.74
973,Product 973,Clothing,LMN Enterprises,Description of Product 973,494.69
974,Product 974,Electronics,LMN Enterprises,Description of Product 974,397.15
975,Product 975,Toys,ABC Corp,Description of Product 975,245.99
976,Product 976,Clothing,DEF Ltd,Description of Product 976,68.47
977,Product 977,Home & Garden,ABC Corp,Description of Product 977,410.98
978,Product 978,Clothing,ABC Corp,Description of Product 978,411.3
979,Product 979,Clothing,ABC Corp,Description of Product 979,442.29
980,Product 980,Sports & Outdoors,LMN Enterprises,Description of Product 980,448.17
981,Product 981,Electronics,ABC Corp,Description of Product 981,32.73
982,Product 982,Home & Garden,XYZ Inc,Description of Product 982,88.01
983,Product 983,Sports & Outdoors,ABC Corp,Description of Product 983,199.25
984,Product 984,Electronics,GHI Industries,Description of Product 984,292.99
985,Product 985,Electronics,GHI Industries,Description of Product 985,384.23
986,Product 986,Home & Garden,XYZ Inc,Description of Product 986,168.23
987,Product 987,Home & Garden,XYZ Inc,Description of Product 987,183.03
988,Product 988,Home & Garden,LMN Enterprises,Description of Product 988,304.39
989,Product 989,Clothing,LMN Enterprises,Description of Product 989,471.37
990,Product 990,Electronics,XYZ Inc,Description of Product 990,489.04
991,Product 991,Home & Garden,LMN Enterprises,Description of Product 991,442.69
992,Product 992,Toys,LMN Enterprises,Description of Product 992,469.09
993,Product 993,Electronics,LMN Enterprises,Description of Product 993,375.45
994,Product 994,Electronics,LMN Enterprises,Description of Product 994,217.36
995,Product 995,Sports & Outdoors,XYZ Inc,Description of Product 995,376.63
996,Product 996,Sports & Outdoors,XYZ Inc,Description of Product 996,14.89
997,Product 997,Electronics,GHI Industries,Description of Product 997,410.27
998,Product 998,Clothing,XYZ Inc,Description of Product 998,103.68
999,Product 999,Toys,GHI Industries,Description of Product 999,244.08
1000,Product 1000,Electronics,ABC Corp,Description of Product 1000,449.13
1001,Product 1001,Home & Garden,GHI Industries,Description of Product 1001,84.98
1002,Product 1002,Sports & Outdoors,DEF Ltd,Description of Product 1002,244.83
1003,Product 1003,Electronics,GHI Industries,Description of Product 1003,229.08
1004,Product 1004,Electronics,DEF Ltd,Description of Product 1004,264.66
1005,Product 1005,Home & Garden,GHI Industries,Description of Product 1005,233.31
1006,Product 1006,Electronics,GHI Industries,Description of Product 1006,179.97
1007,Product 1007,Sports & Outdoors,ABC Corp,Description of Product 1007,174.2
1008,Product 1008,Toys,ABC Corp,Description of Product 1008,461.46
1009,Product 1009,Home & Garden,LMN Enterprises,Description of Product 1009,93.15
1010,Product 1010,Electronics,GHI Industries,Description of Product 1010,142.07
1011,Product 1011,Clothing,XYZ Inc,Description of Product 1011,472.25
1012,Product 1012,Toys,GHI Industries,Description of Product 1012,433.37
1013,Product 1013,Sports & Outdoors,GHI Industries,Description of Product 1013,108.54
1014,Product 1014,Home & Garden,LMN Enterprises,Description of Product 1014,89.52
1015,Product 1015,Toys,ABC Corp,Description of Product 1015,13.45
1016,Product 1016,Home & Garden,GHI Industries,Description of Product 1016,392.89
1017,Product 1017,Home & Garden,GHI Industries,Description of Product 1017,463.16
1018,Product 1018,Toys,XYZ Inc,Description of Product 1018,27.95
1019,Product 1019,Home & Garden,GHI Industries,Description of Product 1019,463.84
1020,Product 1020,Sports & Outdoors,LMN Enterprises,Description of Product 1020,173.01
1021,Product 1021,Toys,LMN Enterprises,Description of Product 1021,494.85
1022,Product 1022,Electronics,LMN Enterprises,Description of Product 1022,72.95
1023,Product 1023,Clothing,ABC Corp,Description of Product 1023,119.67
1024,Product 1024,Home & Garden,ABC Corp,Description of Product 1024,213.07
1025,Product 1025,Sports & Outdoors,XYZ Inc,Description of Product 1025,209.72
1026,Product 1026,Toys,DEF Ltd,Description of Product 1026,271.64
1027,Product 1027,Toys,DEF Ltd,Description of Product 1027,170.02
1028,Product 1028,Electronics,XYZ Inc,Description of Product 1028,403.52
1029,Product 1029,Clothing,GHI Industries,Description of Product 1029,306.33
1030,Product 1030,Home & Garden,GHI Industries,Description of Product 1030,400.35
1031,Product 1031,Electronics,LMN Enterprises,Description of Product 1031,176.66
1032,Product 1032,Electronics,DEF Ltd,Description of Product 1032,381.94
1033,Product 1033,Home & Garden,XYZ Inc,Description of Product 1033,257.72
1034,Product 1034,Home & Garden,GHI Industries,Description of Product 1034,179.33
1035,Product 1035,Home & Garden,ABC Corp,Description of Product 1035,479.78
1036,Product 1036,Electronics,GHI Industries,Description of Product 1036,238.22
1037,Product 1037,Sports & Outdoors,GHI Industries,Description of Product 1037,10.57
1038,Product 1038,Home & Garden,DEF Ltd,Description of Product 1038,455.53
1039,Product 1039,Clothing,ABC Corp,Description of Product 1039,152.83
1040,Product 1040,Home & Garden,XYZ Inc,Description of Product 1040,208.69
1041,Product 1041,Electronics,ABC Corp,Description of Product 1041,244.8
1042,Product 1042,Clothing,DEF Ltd,Description of Product 1042,333.68
1043,Product 1043,Electronics,XYZ Inc,Description of Product 1043,355.7
1044,Product 1044,Electronics,GHI Industries,Description of Product 1044,218.02
1045,Product 1045,Toys,GHI Industries,Description of Product 1045,386.44
1046,Product 1046,Sports & Outdoors,GHI Industries,Description of Product 1046,496.37
1047,Product 1047,Toys,DEF Ltd,Description of Product 1047,383
1048,Product 1048,Clothing,GHI Industries,Description of Product 1048,79.91
1049,Product 1049,Clothing,LMN Enterprises,Description of Product 1049,327.7
1050,Product 1050,Clothing,DEF Ltd,Description of Product 1050,176.44
1051,Product 1051,Electronics,LMN Enterprises,Description of Product 1051,80.52
1052,Product 1052,Sports & Outdoors,DEF Ltd,Description of Product 1052,250.32
1053,Product 1053,Electronics,DEF Ltd,Description of Product 1053,405.56
1054,Product 1054,Sports & Outdoors,XYZ Inc,Description of Product 1054,292.94
1055,Product 1055,Clothing,XYZ Inc,Description of Product 1055,492.92
1056,Product 1056,Clothing,XYZ Inc,Description of Product 1056,394.8
1057,Product 1057,Electronics,DEF Ltd,Description of Product 1057,219.6
1058,Product 1058,Electronics,GHI Industries,Description of Product 1058,425.2
1059,Product 1059,Toys,DEF Ltd,Description of Product 1059,20.73
1060,Product 1060,Clothing,XYZ Inc,Description of Product 1060,436.51
1061,Product 1061,Home & Garden,XYZ Inc,Description of Product 1061,210.18
1062,Product 1062,Sports & Outdoors,DEF Ltd,Description of Product 1062,237.36
1063,Product 1063,Sports & Outdoors,DEF Ltd,Description of Product 1063,197.56
1064,Product 1064,Sports & Outdoors,GHI Industries,Description of Product 1064,12.57
1065,Product 1065,Sports & Outdoors,GHI Industries,Description of Product 1065,151.99
1066,Product 1066,Electronics,ABC Corp,Description of Product 1066,338.27
1067,Product 1067,Electronics,ABC Corp,Description of Product 1067,462.28
1068,Product 1068,Clothing,GHI Industries,Description of Product 1068,155.54
1069,Product 1069,Toys,LMN Enterprises,Description of Product 1069,313.33
1070,Product 1070,Toys,ABC Corp,Description of Product 1070,210.91
1071,Product 1071,Home & Garden,XYZ Inc,Description of Product 1071,235.41
1072,Product 1072,Toys,XYZ Inc,Description of Product 1072,430.09
1073,Product 1073,Clothing,ABC Corp,Description of Product 1073,427.38
1074,Product 1074,Sports & Outdoors,GHI Industries,Description of Product 1074,384.41
1075,Product 1075,Clothing,DEF Ltd,Description of Product 1075,249.05
1076,Product 1076,Sports & Outdoors,XYZ Inc,Description of Product 1076,467.63
1077,Product 1077,Clothing,XYZ Inc,Description of Product 1077,416.97
1078,Product 1078,Electronics,XYZ Inc,Description of Product 1078,157.68
1079,Product 1079,Sports & Outdoors,LMN Enterprises,Description of Product 1079,444.2
1080,Product 1080,Electronics,LMN Enterprises,Description of Product 1080,273.68
1081,Product 1081,Clothing,DEF Ltd,Description of Product 1081,214.33
1082,Product 1082,Toys,DEF Ltd,Description of Product 1082,438.23
1083,Product 1083,Sports & Outdoors,XYZ Inc,Description of Product 1083,441.97
1084,Product 1084,Clothing,GHI Industries,Description of Product 1084,342.13
1085,Product 1085,Electronics,ABC Corp,Description of Product 1085,241.5
1086,Product 1086,Clothing,ABC Corp,Description of Product 1086,11.39
1087,Product 1087,Home & Garden,GHI Industries,Description of Product 1087,122.57
1088,Product 1088,Electronics,DEF Ltd,Description of Product 1088,346.12
1089,Product 1089,Toys,XYZ Inc,Description of Product 1089,283.96
1090,Product 1090,Sports & Outdoors,LMN Enterprises,Description of Product 1090,475.7
1091,Product 1091,Toys,DEF Ltd,Description of Product 1091,332.63
1092,Product 1092,Toys,DEF Ltd,Description of Product 1092,99.88
1093,Product 1093,Toys,GHI Industries,Description of Product 1093,206.15
1094,Product 1094,Electronics,ABC Corp,Description of Product 1094,118.14
1095,Product 1095,Electronics,DEF Ltd,Description of Product 1095,204.98
1096,Product 1096,Sports & Outdoors,DEF Ltd,Description of Product 1096,254.63
1097,Product 1097,Electronics,LMN Enterprises,Description of Product 1097,488.81
1098,Product 1098,Electronics,LMN Enterprises,Description of Product 1098,153.82
1099,Product 1099,Sports & Outdoors,DEF Ltd,Description of Product 1099,270.11
1100,Product 1100,Electronics,DEF Ltd,Description of Product 1100,349.03
